id,album,name,artist,explicit,popularity,danceability,energy,key,loudness,mode,speechiness,acousticness,instrumentalness,liveness,valence,tempo,type,uri,track_href,analysis_url,duration_ms,time_signature
7E7D6Db8wfIEeNryNiDXtr,Somethinggreater,Somethinggreater - Single Version,Parcels,False,61,0.693,0.572,1,-10.491,0,0.041,0.308,0.000405,0.0736,0.867,109.816,audio_features,spotify:track:7E7D6Db8wfIEeNryNiDXtr,https://api.spotify.com/v1/tracks/7E7D6Db8wfIEeNryNiDXtr,https://api.spotify.com/v1/audio-analysis/7E7D6Db8wfIEeNryNiDXtr,3.4849833333333335,4
3u7bbColqgRndsd6RTeIim,Conchiglie,Conchiglie,Andrea Laszlo De Simone,False,44,0.459,0.5,3,-11.337,1,0.0367,0.827,0.908,0.356,0.276,149.861,audio_features,spotify:track:3u7bbColqgRndsd6RTeIim,https://api.spotify.com/v1/tracks/3u7bbColqgRndsd6RTeIim,https://api.spotify.com/v1/audio-analysis/3u7bbColqgRndsd6RTeIim,7.2307,4
08edmNLQhAqaKkNeiRgBQM,Other Here Comes The Cowboy Demos,Out Of My Head,Mac DeMarco,False,47,0.811,0.553,3,-9.257,0,0.0447,0.625,0.159,0.202,0.765,100.547,audio_features,spotify:track:08edmNLQhAqaKkNeiRgBQM,https://api.spotify.com/v1/tracks/08edmNLQhAqaKkNeiRgBQM,https://api.spotify.com/v1/audio-analysis/08edmNLQhAqaKkNeiRgBQM,4.366933333333333,4
50wiHcvfcpQSo5P5rbyozc,In Mind,Saturday,Real Estate,False,46,0.525,0.717,0,-6.06,1,0.0339,0.0716,0.575,0.121,0.211,130.898,audio_features,spotify:track:50wiHcvfcpQSo5P5rbyozc,https://api.spotify.com/v1/tracks/50wiHcvfcpQSo5P5rbyozc,https://api.spotify.com/v1/audio-analysis/50wiHcvfcpQSo5P5rbyozc,4.717116666666667,4
5l1AMUJEA43GYqxpfTyhoT,Winter Wheat,Postdoc Blues,John K. Samson,False,32,0.665,0.797,10,-9.172,1,0.0419,0.124,0.0173,0.0958,0.717,143.176,audio_features,spotify:track:5l1AMUJEA43GYqxpfTyhoT,https://api.spotify.com/v1/tracks/5l1AMUJEA43GYqxpfTyhoT,https://api.spotify.com/v1/audio-analysis/5l1AMUJEA43GYqxpfTyhoT,3.38485,4
2Jp04uMkpnoik9GYfJboa5,Ottakring,Eh ok,Granada,False,45,0.7,0.515,2,-5.546,1,0.0299,0.44,0.0,0.126,0.771,92.524,audio_features,spotify:track:2Jp04uMkpnoik9GYfJboa5,https://api.spotify.com/v1/tracks/2Jp04uMkpnoik9GYfJboa5,https://api.spotify.com/v1/audio-analysis/2Jp04uMkpnoik9GYfJboa5,2.6238333333333332,4
6dw8ETrtlFSrkzw6W8cWxN,Mordechai,So We Won't Forget,Khruangbin,False,45,0.647,0.414,2,-13.219,1,0.0985,0.0309,0.85,0.183,0.967,101.301,audio_features,spotify:track:6dw8ETrtlFSrkzw6W8cWxN,https://api.spotify.com/v1/tracks/6dw8ETrtlFSrkzw6W8cWxN,https://api.spotify.com/v1/audio-analysis/6dw8ETrtlFSrkzw6W8cWxN,4.972216666666666,4
2ksgMG1hHFHV979phZ2lkd,Begin Again - EP,Begin Again,Nick Mulvey,False,60,0.675,0.57,7,-9.402,1,0.0348,0.811,9.31e-05,0.0788,0.575,101.981,audio_features,spotify:track:2ksgMG1hHFHV979phZ2lkd,https://api.spotify.com/v1/tracks/2ksgMG1hHFHV979phZ2lkd,https://api.spotify.com/v1/audio-analysis/2ksgMG1hHFHV979phZ2lkd,4.588,4
540Fod5DwxX7JvGN04yRp7,Greatest Hits Collection,Ice Cream,Chris Barber,False,12,0.757,0.588,7,-8.083,1,0.0322,0.693,0.777,0.471,0.96,112.567,audio_features,spotify:track:540Fod5DwxX7JvGN04yRp7,https://api.spotify.com/v1/tracks/540Fod5DwxX7JvGN04yRp7,https://api.spotify.com/v1/audio-analysis/540Fod5DwxX7JvGN04yRp7,3.472,4
0oYUVzPVS2M6olUBytFIMv,Over Here,Over Here,Mostly Sonny,False,33,0.638,0.473,7,-13.058,1,0.0382,0.19,0.423,0.374,0.454,129.954,audio_features,spotify:track:0oYUVzPVS2M6olUBytFIMv,https://api.spotify.com/v1/tracks/0oYUVzPVS2M6olUBytFIMv,https://api.spotify.com/v1/audio-analysis/0oYUVzPVS2M6olUBytFIMv,4.75,4
4p4kNjeFfBZ7OExxY7SX1V,MADLO: Influences,Running Up That Hill,Car Seat Headrest,False,44,0.704,0.603,9,-10.501,0,0.0334,0.00256,0.196,0.0656,0.668,111.98,audio_features,spotify:track:4p4kNjeFfBZ7OExxY7SX1V,https://api.spotify.com/v1/tracks/4p4kNjeFfBZ7OExxY7SX1V,https://api.spotify.com/v1/audio-analysis/4p4kNjeFfBZ7OExxY7SX1V,6.5,4
4fF2nOsPektn8js9fG5Cdr,Breeze,Breeze,Jermango Dreaming,False,49,0.708,0.802,9,-4.49,0,0.03,0.00376,0.219,0.11,0.741,117.021,audio_features,spotify:track:4fF2nOsPektn8js9fG5Cdr,https://api.spotify.com/v1/tracks/4fF2nOsPektn8js9fG5Cdr,https://api.spotify.com/v1/audio-analysis/4fF2nOsPektn8js9fG5Cdr,3.8984666666666667,4
77iRifbhkJGvGBBRNykUwN,The End Of Comedy,Suddenly,"Drugdealer, Weyes Blood",False,57,0.651,0.465,4,-7.538,1,0.0328,0.503,0.0455,0.495,0.585,107.75,audio_features,spotify:track:77iRifbhkJGvGBBRNykUwN,https://api.spotify.com/v1/tracks/77iRifbhkJGvGBBRNykUwN,https://api.spotify.com/v1/audio-analysis/77iRifbhkJGvGBBRNykUwN,3.284,4
7JSvpJTo8hal8fXXhP5L3R,Lavender,Heart of Mine,Calvin Love,False,33,0.562,0.212,5,-16.682,1,0.0363,0.645,0.722,0.152,0.31,115.926,audio_features,spotify:track:7JSvpJTo8hal8fXXhP5L3R,https://api.spotify.com/v1/tracks/7JSvpJTo8hal8fXXhP5L3R,https://api.spotify.com/v1/audio-analysis/7JSvpJTo8hal8fXXhP5L3R,3.5903833333333335,4
6jwh6mczhdbnmATZ2bH2QK,Basic Instinct,Blue Orange Green,"Jimmy Whoo, Chilly Gonzales",False,40,0.63,0.377,0,-13.728,1,0.0307,0.709,0.0821,0.0994,0.216,93.978,audio_features,spotify:track:6jwh6mczhdbnmATZ2bH2QK,https://api.spotify.com/v1/tracks/6jwh6mczhdbnmATZ2bH2QK,https://api.spotify.com/v1/audio-analysis/6jwh6mczhdbnmATZ2bH2QK,3.3162166666666666,4
5xxHfQuaXGEBHtsGbSXwI7,White Roses,White Roses,"Flyte, The Staves",False,51,0.53,0.633,10,-7.078,1,0.0283,0.391,0.0152,0.142,0.605,140.186,audio_features,spotify:track:5xxHfQuaXGEBHtsGbSXwI7,https://api.spotify.com/v1/tracks/5xxHfQuaXGEBHtsGbSXwI7,https://api.spotify.com/v1/audio-analysis/5xxHfQuaXGEBHtsGbSXwI7,3.4407666666666668,4
75hwtYcghca6YKW4i6C6fP,Teens Of Denial,Drunk Drivers/Killer Whales,Car Seat Headrest,True,61,0.537,0.414,2,-7.952,1,0.0404,0.218,2.1e-06,0.103,0.459,117.101,audio_features,spotify:track:75hwtYcghca6YKW4i6C6fP,https://api.spotify.com/v1/tracks/75hwtYcghca6YKW4i6C6fP,https://api.spotify.com/v1/audio-analysis/75hwtYcghca6YKW4i6C6fP,6.2442166666666665,4
0wij9AygVTMxnBSrjH6ID1,"Clarinet & Piano: Selected Works, Vol. 1",A Little Lost,Group Listening,False,31,0.641,0.269,0,-15.927,1,0.0392,0.986,0.96,0.141,0.578,129.766,audio_features,spotify:track:0wij9AygVTMxnBSrjH6ID1,https://api.spotify.com/v1/tracks/0wij9AygVTMxnBSrjH6ID1,https://api.spotify.com/v1/audio-analysis/0wij9AygVTMxnBSrjH6ID1,3.7708833333333334,4
03gKdAQAswBo7v4p8F1An4,You Forgot It In People,Pacific Theme,Broken Social Scene,False,51,0.723,0.703,0,-9.495,1,0.0318,0.0272,0.313,0.0979,0.767,129.725,audio_features,spotify:track:03gKdAQAswBo7v4p8F1An4,https://api.spotify.com/v1/tracks/03gKdAQAswBo7v4p8F1An4,https://api.spotify.com/v1/audio-analysis/03gKdAQAswBo7v4p8F1An4,5.153116666666667,4
3YnfOmxe8JaWmowxmgTzms,"Future Perfect, Present Tense",Isn't Ever A Day,Ten Fé,False,48,0.665,0.758,6,-6.354,0,0.028,0.00451,0.739,0.312,0.761,131.025,audio_features,spotify:track:3YnfOmxe8JaWmowxmgTzms,https://api.spotify.com/v1/tracks/3YnfOmxe8JaWmowxmgTzms,https://api.spotify.com/v1/audio-analysis/3YnfOmxe8JaWmowxmgTzms,4.7442166666666665,4
6otUjBoNrp27EubqsoYGQx,Sand,Losers,Balthazar,False,59,0.864,0.385,5,-11.553,0,0.0454,0.102,0.0539,0.143,0.665,113.014,audio_features,spotify:track:6otUjBoNrp27EubqsoYGQx,https://api.spotify.com/v1/tracks/6otUjBoNrp27EubqsoYGQx,https://api.spotify.com/v1/audio-analysis/6otUjBoNrp27EubqsoYGQx,3.428,4
2eVofaQRJvddSUBfcub7Gz,Oceans,Oceans,"RY X, Ólafur Arnalds",False,61,0.659,0.387,6,-13.172,0,0.0335,0.467,0.692,0.0839,0.0779,114.989,audio_features,spotify:track:2eVofaQRJvddSUBfcub7Gz,https://api.spotify.com/v1/tracks/2eVofaQRJvddSUBfcub7Gz,https://api.spotify.com/v1/audio-analysis/2eVofaQRJvddSUBfcub7Gz,4.65955,4
3PURbsY67tLMyausOABtit,Kingdoms In Colour,Feel Good (feat. Khruangbin),"Maribou State, Khruangbin",False,58,0.566,0.757,4,-8.37,0,0.0355,0.328,0.84,0.396,0.403,102.016,audio_features,spotify:track:3PURbsY67tLMyausOABtit,https://api.spotify.com/v1/tracks/3PURbsY67tLMyausOABtit,https://api.spotify.com/v1/audio-analysis/3PURbsY67tLMyausOABtit,4.45335,4
0lK64KWzyyvplNW5dQkmXY,Värmdö,Värmdö,LEOI,False,8,0.663,0.502,4,-11.988,0,0.0399,0.246,0.772,0.0711,0.118,100.008,audio_features,spotify:track:0lK64KWzyyvplNW5dQkmXY,https://api.spotify.com/v1/tracks/0lK64KWzyyvplNW5dQkmXY,https://api.spotify.com/v1/audio-analysis/0lK64KWzyyvplNW5dQkmXY,4.455066666666666,4
6buFkhiPTQ03okWeIZvR6E,Strange to Explain,Weekend Wind,Woods,False,47,0.598,0.63,1,-10.492,0,0.025,0.566,0.338,0.179,0.697,108.947,audio_features,spotify:track:6buFkhiPTQ03okWeIZvR6E,https://api.spotify.com/v1/tracks/6buFkhiPTQ03okWeIZvR6E,https://api.spotify.com/v1/audio-analysis/6buFkhiPTQ03okWeIZvR6E,7.277566666666667,4
2vLaES21zwbX1Rnmj56Bbb,Spinners,I'll Be Around,The Spinners,False,63,0.593,0.791,8,-8.698,0,0.068,0.175,0.0,0.0976,0.63,112.295,audio_features,spotify:track:2vLaES21zwbX1Rnmj56Bbb,https://api.spotify.com/v1/tracks/2vLaES21zwbX1Rnmj56Bbb,https://api.spotify.com/v1/audio-analysis/2vLaES21zwbX1Rnmj56Bbb,3.1466666666666665,4
55VEFo10oIYim0iVJHTQ6Y,Pocket Revolution,The Real Sugar,dEUS,False,25,0.759,0.508,2,-8.185,0,0.0269,0.218,0.261,0.121,0.525,117.778,audio_features,spotify:track:55VEFo10oIYim0iVJHTQ6Y,https://api.spotify.com/v1/tracks/55VEFo10oIYim0iVJHTQ6Y,https://api.spotify.com/v1/audio-analysis/55VEFo10oIYim0iVJHTQ6Y,3.9791166666666666,4
3i18lq8Td6XWWqbD1vYX6D,Peter Doherty & The Puta Madres,All At Sea,"Peter Doherty, The Puta Madres",False,31,0.565,0.52,4,-10.681,1,0.0333,0.556,0.137,0.0748,0.378,103.515,audio_features,spotify:track:3i18lq8Td6XWWqbD1vYX6D,https://api.spotify.com/v1/tracks/3i18lq8Td6XWWqbD1vYX6D,https://api.spotify.com/v1/audio-analysis/3i18lq8Td6XWWqbD1vYX6D,4.2282166666666665,4
366ZWAQxSeFY4HTXUJ1Kix,Soliloquy,It's you,"Lou Doillon, Cat Power",False,38,0.575,0.305,11,-11.09,1,0.0507,0.879,0.000136,0.104,0.277,117.091,audio_features,spotify:track:366ZWAQxSeFY4HTXUJ1Kix,https://api.spotify.com/v1/tracks/366ZWAQxSeFY4HTXUJ1Kix,https://api.spotify.com/v1/audio-analysis/366ZWAQxSeFY4HTXUJ1Kix,3.0653333333333332,4
7DhuDQVyfsRjl0czAsadlB,Eraserland,Weird Ways,Strand of Oaks,False,24,0.263,0.503,6,-6.948,0,0.0386,0.0148,0.0171,0.11,0.255,112.019,audio_features,spotify:track:7DhuDQVyfsRjl0czAsadlB,https://api.spotify.com/v1/tracks/7DhuDQVyfsRjl0czAsadlB,https://api.spotify.com/v1/audio-analysis/7DhuDQVyfsRjl0czAsadlB,5.978,4
2AjzK5A4Cce7bB9pk2ivjz,Best Of,I Love My Man,Bent,False,29,0.607,0.672,6,-10.022,1,0.0283,0.000331,0.649,0.109,0.407,144.049,audio_features,spotify:track:2AjzK5A4Cce7bB9pk2ivjz,https://api.spotify.com/v1/tracks/2AjzK5A4Cce7bB9pk2ivjz,https://api.spotify.com/v1/audio-analysis/2AjzK5A4Cce7bB9pk2ivjz,5.825116666666666,4
4m22yZEx9BhuQOfAzdOO0Y,Forever Breathes the Lonely Word: Remastered Edition,Down but Not yet Out - 2018 Remaster,Felt,False,0,0.299,0.839,0,-6.238,1,0.035,0.0471,0.00064,0.383,0.587,149.171,audio_features,spotify:track:4m22yZEx9BhuQOfAzdOO0Y,https://api.spotify.com/v1/tracks/4m22yZEx9BhuQOfAzdOO0Y,https://api.spotify.com/v1/audio-analysis/4m22yZEx9BhuQOfAzdOO0Y,3.6066666666666665,4
4KhBvLbRr58rHPF24bdL9Q,Officer of Love,Officer of Love,Caamp,False,62,0.662,0.574,4,-8.696,1,0.0261,0.298,0.00902,0.115,0.948,109.085,audio_features,spotify:track:4KhBvLbRr58rHPF24bdL9Q,https://api.spotify.com/v1/tracks/4KhBvLbRr58rHPF24bdL9Q,https://api.spotify.com/v1/audio-analysis/4KhBvLbRr58rHPF24bdL9Q,3.99675,4
76GlO5H5RT6g7y0gev86Nk,"Kiss Me, Kiss Me, Kiss Me",Just like Heaven,The Cure,False,66,0.43,0.971,9,-3.845,1,0.0524,0.0271,2.16e-05,0.185,0.764,151.219,audio_features,spotify:track:76GlO5H5RT6g7y0gev86Nk,https://api.spotify.com/v1/tracks/76GlO5H5RT6g7y0gev86Nk,https://api.spotify.com/v1/audio-analysis/76GlO5H5RT6g7y0gev86Nk,3.533333333333333,4
3qBL3kCKXpuJ7hwzNdLM5Z,Anything Else,Anything Else,Himbrecht,False,10,0.706,0.531,2,-12.357,1,0.0463,0.0592,0.266,0.11,0.0787,118.981,audio_features,spotify:track:3qBL3kCKXpuJ7hwzNdLM5Z,https://api.spotify.com/v1/tracks/3qBL3kCKXpuJ7hwzNdLM5Z,https://api.spotify.com/v1/audio-analysis/3qBL3kCKXpuJ7hwzNdLM5Z,8.63865,4
3dwrdMzRoFTRYj44n2WwN8,We Are Together,We Are Together - Original Mix,Planet Of Sound,False,31,0.542,0.795,8,-6.818,1,0.032,0.0119,0.608,0.237,0.34,116.991,audio_features,spotify:track:3dwrdMzRoFTRYj44n2WwN8,https://api.spotify.com/v1/tracks/3dwrdMzRoFTRYj44n2WwN8,https://api.spotify.com/v1/audio-analysis/3dwrdMzRoFTRYj44n2WwN8,6.439683333333333,4
0FSOenCj42lbikl1vd5ah9,Cool Girl,Cool Girl,dodie,False,56,0.73,0.205,2,-15.489,1,0.0957,0.872,0.0593,0.095,0.206,124.989,audio_features,spotify:track:0FSOenCj42lbikl1vd5ah9,https://api.spotify.com/v1/tracks/0FSOenCj42lbikl1vd5ah9,https://api.spotify.com/v1/audio-analysis/0FSOenCj42lbikl1vd5ah9,3.3230833333333334,4
1ZBJc7LVVfnf6phmhiBejS,Hard Nose the Highway,Snow In San Anselmo,Van Morrison,False,35,0.497,0.388,9,-10.696,0,0.0364,0.469,0.0809,0.121,0.529,125.127,audio_features,spotify:track:1ZBJc7LVVfnf6phmhiBejS,https://api.spotify.com/v1/tracks/1ZBJc7LVVfnf6phmhiBejS,https://api.spotify.com/v1/audio-analysis/1ZBJc7LVVfnf6phmhiBejS,4.614883333333333,4
2SU21YLdwyTnqJpS7Jc3lD,Native Dancer,Ponta de Areia,Wayne Shorter,False,44,0.297,0.365,5,-8.348,1,0.0325,0.933,0.0274,0.0769,0.261,176.672,audio_features,spotify:track:2SU21YLdwyTnqJpS7Jc3lD,https://api.spotify.com/v1/tracks/2SU21YLdwyTnqJpS7Jc3lD,https://api.spotify.com/v1/audio-analysis/2SU21YLdwyTnqJpS7Jc3lD,5.261783333333334,4
3TVW2JepPAdMWNUQod7pvT,Miracle of Life,Miracle of Life,Bright Eyes,False,26,0.529,0.581,8,-9.311,1,0.0287,0.259,0.122,0.106,0.583,93.259,audio_features,spotify:track:3TVW2JepPAdMWNUQod7pvT,https://api.spotify.com/v1/tracks/3TVW2JepPAdMWNUQod7pvT,https://api.spotify.com/v1/audio-analysis/3TVW2JepPAdMWNUQod7pvT,3.6097333333333332,4
3JNqdKkwDVXOwrnd4NZNMa,The Hearse,Das Modell - Kraftwerk Cover,Wampire,False,13,0.53,0.822,4,-6.789,0,0.17,0.00071,0.686,0.0705,0.814,124.051,audio_features,spotify:track:3JNqdKkwDVXOwrnd4NZNMa,https://api.spotify.com/v1/tracks/3JNqdKkwDVXOwrnd4NZNMa,https://api.spotify.com/v1/audio-analysis/3JNqdKkwDVXOwrnd4NZNMa,3.67725,4
6pE2pIbpq1FHxvCwIOmqkS,Curiosity,Orchards,Wampire,False,15,0.531,0.594,1,-7.656,1,0.032,0.0042,0.386,0.199,0.75,104.677,audio_features,spotify:track:6pE2pIbpq1FHxvCwIOmqkS,https://api.spotify.com/v1/tracks/6pE2pIbpq1FHxvCwIOmqkS,https://api.spotify.com/v1/audio-analysis/6pE2pIbpq1FHxvCwIOmqkS,3.0166666666666666,4
0fDFzVTG8c2fW9EM5f1RHM,Quantum Leap,Indian Food,Dumbo Gets Mad,False,51,0.561,0.896,2,-4.903,1,0.0528,0.765,0.685,0.124,0.629,86.808,audio_features,spotify:track:0fDFzVTG8c2fW9EM5f1RHM,https://api.spotify.com/v1/tracks/0fDFzVTG8c2fW9EM5f1RHM,https://api.spotify.com/v1/audio-analysis/0fDFzVTG8c2fW9EM5f1RHM,3.5631,4
58uDCyprC3aa3x70fUv8dk,Monotonia,Monotonia,The Growlers,False,54,0.61,0.802,2,-4.582,0,0.0281,0.509,0.0149,0.104,0.756,122.071,audio_features,spotify:track:58uDCyprC3aa3x70fUv8dk,https://api.spotify.com/v1/tracks/58uDCyprC3aa3x70fUv8dk,https://api.spotify.com/v1/audio-analysis/58uDCyprC3aa3x70fUv8dk,4.0696666666666665,4
5OWUKkLu9nesbbD0bLwcRL,Hard Candy,Miles Away,Madonna,False,47,0.782,0.71,0,-4.394,1,0.0382,0.0447,0.0,0.095,0.762,115.995,audio_features,spotify:track:5OWUKkLu9nesbbD0bLwcRL,https://api.spotify.com/v1/tracks/5OWUKkLu9nesbbD0bLwcRL,https://api.spotify.com/v1/audio-analysis/5OWUKkLu9nesbbD0bLwcRL,4.815333333333333,4
2iG6tIT3Q7VuZJKnzAeLab,Highway Dancer,Wildflower,Calvin Love,False,0,0.583,0.241,9,-19.484,1,0.0361,0.766,0.381,0.0959,0.4,174.075,audio_features,spotify:track:2iG6tIT3Q7VuZJKnzAeLab,https://api.spotify.com/v1/tracks/2iG6tIT3Q7VuZJKnzAeLab,https://api.spotify.com/v1/audio-analysis/2iG6tIT3Q7VuZJKnzAeLab,4.5366,4
1UKobFsdqNXQb8OthimCKe,"Crosby, Stills & Nash",Helplessly Hoping - 2005 Remaster,"Crosby, Stills & Nash",False,66,0.567,0.159,7,-13.648,1,0.0331,0.914,0.0,0.111,0.436,146.913,audio_features,spotify:track:1UKobFsdqNXQb8OthimCKe,https://api.spotify.com/v1/tracks/1UKobFsdqNXQb8OthimCKe,https://api.spotify.com/v1/audio-analysis/1UKobFsdqNXQb8OthimCKe,2.63155,4
4VnrZj5hxHkKvY60VbpDLS,Where is the Heart of My Country,Where is the Heart of My Country,Caitlin Canty,False,36,0.457,0.129,3,-11.435,1,0.0324,0.715,2.25e-05,0.159,0.234,111.031,audio_features,spotify:track:4VnrZj5hxHkKvY60VbpDLS,https://api.spotify.com/v1/tracks/4VnrZj5hxHkKvY60VbpDLS,https://api.spotify.com/v1/audio-analysis/4VnrZj5hxHkKvY60VbpDLS,5.226933333333333,4
62x3LXgPj4ZmxKH4qHiUFF,Heterogaster,Easy,Mesadorm,False,27,0.493,0.211,11,-12.622,1,0.0655,0.754,1.09e-05,0.116,0.236,58.574,audio_features,spotify:track:62x3LXgPj4ZmxKH4qHiUFF,https://api.spotify.com/v1/tracks/62x3LXgPj4ZmxKH4qHiUFF,https://api.spotify.com/v1/audio-analysis/62x3LXgPj4ZmxKH4qHiUFF,3.9635666666666665,4
570uIR76noCLdDRXB0J5KK,Oh No! Oh My!,Walk In The Park,OH NO OH MY,False,26,0.647,0.335,3,-10.251,1,0.033,0.29,0.000109,0.0967,0.746,138.062,audio_features,spotify:track:570uIR76noCLdDRXB0J5KK,https://api.spotify.com/v1/tracks/570uIR76noCLdDRXB0J5KK,https://api.spotify.com/v1/audio-analysis/570uIR76noCLdDRXB0J5KK,2.37445,4
5qjhTlvBhulflfQD18xBIr,Night Falls Over Kortedala,Your Arms Around Me,Jens Lekman,False,32,0.412,0.599,9,-7.083,1,0.0377,0.0356,0.00012,0.336,0.268,105.693,audio_features,spotify:track:5qjhTlvBhulflfQD18xBIr,https://api.spotify.com/v1/tracks/5qjhTlvBhulflfQD18xBIr,https://api.spotify.com/v1/audio-analysis/5qjhTlvBhulflfQD18xBIr,5.042883333333333,4
2mNQhoBHL4NdcPyC0AuVXn,Oh No! Oh My!,I Have No Sister,OH NO OH MY,False,14,0.483,0.687,2,-9.066,1,0.0306,0.0731,0.000275,0.373,0.698,129.991,audio_features,spotify:track:2mNQhoBHL4NdcPyC0AuVXn,https://api.spotify.com/v1/tracks/2mNQhoBHL4NdcPyC0AuVXn,https://api.spotify.com/v1/audio-analysis/2mNQhoBHL4NdcPyC0AuVXn,3.05555,4
3UOrKWXdwUVtDglahh3OQj,The Best of Dire Straits & Mark Knopfler - Private Investigations (Limited Edition),Brothers In Arms,Dire Straits,False,0,0.414,0.429,8,-9.469,0,0.028,0.525,0.81,0.111,0.135,79.227,audio_features,spotify:track:3UOrKWXdwUVtDglahh3OQj,https://api.spotify.com/v1/tracks/3UOrKWXdwUVtDglahh3OQj,https://api.spotify.com/v1/audio-analysis/3UOrKWXdwUVtDglahh3OQj,6.96155,4
33PYfsUghmJi6rcKCfJ7my,The Essential Bruce Springsteen,Streets of Philadelphia,Bruce Springsteen,False,0,0.728,0.249,5,-15.429,1,0.0328,0.327,0.216,0.0875,0.452,93.683,audio_features,spotify:track:33PYfsUghmJi6rcKCfJ7my,https://api.spotify.com/v1/tracks/33PYfsUghmJi6rcKCfJ7my,https://api.spotify.com/v1/audio-analysis/33PYfsUghmJi6rcKCfJ7my,3.263333333333333,4
0aDU64XfEFCGSb96TVciFt,33 ans,25 ans,Ben Mazué,False,51,0.742,0.603,7,-8.571,1,0.0805,0.0622,0.0,0.101,0.625,92.03,audio_features,spotify:track:0aDU64XfEFCGSb96TVciFt,https://api.spotify.com/v1/tracks/0aDU64XfEFCGSb96TVciFt,https://api.spotify.com/v1/audio-analysis/0aDU64XfEFCGSb96TVciFt,3.691116666666667,4
6QgOkkoIDcycUFmfUXaFil,Wriggle Out the Restless,Earthquake,This Is The Kit,False,43,0.706,0.315,7,-11.846,1,0.0339,0.364,0.821,0.11,0.647,76.908,audio_features,spotify:track:6QgOkkoIDcycUFmfUXaFil,https://api.spotify.com/v1/tracks/6QgOkkoIDcycUFmfUXaFil,https://api.spotify.com/v1/audio-analysis/6QgOkkoIDcycUFmfUXaFil,4.15165,4
4aHc7hnqkSzc1KLU9LnL26,Off Off On,Keep Going,This Is The Kit,False,0,0.462,0.443,4,-14.335,1,0.045,0.853,0.491,0.11,0.567,119.756,audio_features,spotify:track:4aHc7hnqkSzc1KLU9LnL26,https://api.spotify.com/v1/tracks/4aHc7hnqkSzc1KLU9LnL26,https://api.spotify.com/v1/audio-analysis/4aHc7hnqkSzc1KLU9LnL26,6.651383333333333,4
0sX4OzAtIubFc4s9y5KrB7,All Things Must Pass (Remastered 2014),Ballad Of Sir Frankie Crisp (Let It Roll) - Remastered 2014,George Harrison,False,48,0.442,0.591,11,-9.595,0,0.0279,0.0707,0.391,0.133,0.419,89.607,audio_features,spotify:track:0sX4OzAtIubFc4s9y5KrB7,https://api.spotify.com/v1/tracks/0sX4OzAtIubFc4s9y5KrB7,https://api.spotify.com/v1/audio-analysis/0sX4OzAtIubFc4s9y5KrB7,3.806216666666667,4
2laOtOChpl0XEsLJXwiSQT,Colors,Colors,From Kid,False,20,0.847,0.6,7,-9.092,1,0.0351,0.825,0.00231,0.0922,0.212,121.999,audio_features,spotify:track:2laOtOChpl0XEsLJXwiSQT,https://api.spotify.com/v1/tracks/2laOtOChpl0XEsLJXwiSQT,https://api.spotify.com/v1/audio-analysis/2laOtOChpl0XEsLJXwiSQT,3.3937166666666667,4
4vFVZyn6RdvrXpeEqsTas6,In Dream (Deluxe Version),Ocean of Night,Editors,False,53,0.567,0.666,0,-9.647,1,0.0298,0.0244,0.251,0.107,0.251,106.001,audio_features,spotify:track:4vFVZyn6RdvrXpeEqsTas6,https://api.spotify.com/v1/tracks/4vFVZyn6RdvrXpeEqsTas6,https://api.spotify.com/v1/audio-analysis/4vFVZyn6RdvrXpeEqsTas6,5.091483333333334,4
0fNOmlu1YroQQYrBVtLDpb,Brighter Days,Brighter Days,Collie Buddz,False,46,0.691,0.754,0,-6.185,0,0.191,0.0396,0.0,0.326,0.723,90.842,audio_features,spotify:track:0fNOmlu1YroQQYrBVtLDpb,https://api.spotify.com/v1/tracks/0fNOmlu1YroQQYrBVtLDpb,https://api.spotify.com/v1/audio-analysis/0fNOmlu1YroQQYrBVtLDpb,3.60475,4
2foHseBT7vyTHqM7N8fBJe,Greater Than Great,My Sound,Skarra Mucci,False,49,0.693,0.839,11,-3.325,1,0.172,0.0653,0.0,0.776,0.773,93.049,audio_features,spotify:track:2foHseBT7vyTHqM7N8fBJe,https://api.spotify.com/v1/tracks/2foHseBT7vyTHqM7N8fBJe,https://api.spotify.com/v1/audio-analysis/2foHseBT7vyTHqM7N8fBJe,4.267333333333333,4
7fXqIUhVMoJ9Q5LMZR4DsB,Don't Die Curious,Don't Die Curious,Tom Rosenthal,False,27,0.497,0.561,8,-10.938,1,0.0607,0.393,0.00279,0.137,0.566,163.981,audio_features,spotify:track:7fXqIUhVMoJ9Q5LMZR4DsB,https://api.spotify.com/v1/tracks/7fXqIUhVMoJ9Q5LMZR4DsB,https://api.spotify.com/v1/audio-analysis/7fXqIUhVMoJ9Q5LMZR4DsB,2.56645,4
4ngMatPdF3yQ51G4UKwx9M,Albert Camus,Albert Camus,Tom Rosenthal,False,50,0.648,0.556,9,-6.492,1,0.0335,0.226,0.0,0.176,0.592,80.225,audio_features,spotify:track:4ngMatPdF3yQ51G4UKwx9M,https://api.spotify.com/v1/tracks/4ngMatPdF3yQ51G4UKwx9M,https://api.spotify.com/v1/audio-analysis/4ngMatPdF3yQ51G4UKwx9M,3.342633333333333,4
2IFFKj9orAsQOOS0JRhHAW,JEWELZ,JEWELZ,Anderson .Paak,True,66,0.884,0.653,11,-7.653,0,0.0586,0.371,0.00135,0.812,0.766,108.548,audio_features,spotify:track:2IFFKj9orAsQOOS0JRhHAW,https://api.spotify.com/v1/tracks/2IFFKj9orAsQOOS0JRhHAW,https://api.spotify.com/v1/audio-analysis/2IFFKj9orAsQOOS0JRhHAW,2.90355,4
76ta9aJq4kwhngTjpdsaU2,Kinda Kinks,I Go to Sleep - Demo Version,The Kinks,False,41,0.658,0.0742,4,-17.711,0,0.0961,0.979,0.000736,0.13,0.362,161.312,audio_features,spotify:track:76ta9aJq4kwhngTjpdsaU2,https://api.spotify.com/v1/tracks/76ta9aJq4kwhngTjpdsaU2,https://api.spotify.com/v1/audio-analysis/76ta9aJq4kwhngTjpdsaU2,2.711116666666667,3
1bkmxox97PzwqGCEaFuFLD,Wave,Here Comes The River,Patrick Watson,False,44,0.277,0.162,9,-13.733,1,0.0376,0.983,0.117,0.112,0.257,173.284,audio_features,spotify:track:1bkmxox97PzwqGCEaFuFLD,https://api.spotify.com/v1/tracks/1bkmxox97PzwqGCEaFuFLD,https://api.spotify.com/v1/audio-analysis/1bkmxox97PzwqGCEaFuFLD,4.226666666666667,3
6su0nbgReI6lhNT0wZLk78,Woozy With Cider,Woozy With Cider - Jon Hopkins remix,"James Yorkston, Jon Hopkins",False,34,0.591,0.371,1,-18.5,0,0.12,0.874,0.17,0.0905,0.158,119.869,audio_features,spotify:track:6su0nbgReI6lhNT0wZLk78,https://api.spotify.com/v1/tracks/6su0nbgReI6lhNT0wZLk78,https://api.spotify.com/v1/audio-analysis/6su0nbgReI6lhNT0wZLk78,4.637783333333333,4
5N0hrACgK70wIy6SB4pgMH,The Things We Do,It's Been Done,Angela McCluskey,False,43,0.63,0.569,2,-7.495,1,0.031,0.0726,0.000136,0.272,0.523,84.982,audio_features,spotify:track:5N0hrACgK70wIy6SB4pgMH,https://api.spotify.com/v1/tracks/5N0hrACgK70wIy6SB4pgMH,https://api.spotify.com/v1/audio-analysis/5N0hrACgK70wIy6SB4pgMH,3.9473333333333334,4
1PpzobfPFNCiySKDHQSM8h,Orange Nights,Elevator,Platon Karataev,False,33,0.549,0.524,8,-9.319,0,0.0522,0.597,0.0154,0.0996,0.329,129.773,audio_features,spotify:track:1PpzobfPFNCiySKDHQSM8h,https://api.spotify.com/v1/tracks/1PpzobfPFNCiySKDHQSM8h,https://api.spotify.com/v1/audio-analysis/1PpzobfPFNCiySKDHQSM8h,3.7241833333333334,4
6HXavJEHsyKz55NnntgF16,Chaos Theories,Well Runs Dry,The Souljazz Orchestra,False,1,0.324,0.588,0,-8.32,1,0.0328,0.433,0.0492,0.184,0.316,92.016,audio_features,spotify:track:6HXavJEHsyKz55NnntgF16,https://api.spotify.com/v1/tracks/6HXavJEHsyKz55NnntgF16,https://api.spotify.com/v1/audio-analysis/6HXavJEHsyKz55NnntgF16,8.609116666666667,4
6ZfPfKByjheaAohji2LfaS,A Very Merry Christmas with Ivan & Alyosha,Being Home for Christmas,Ivan & Alyosha,False,7,0.564,0.76,8,-7.243,1,0.0451,0.273,0.0,0.124,0.6,117.932,audio_features,spotify:track:6ZfPfKByjheaAohji2LfaS,https://api.spotify.com/v1/tracks/6ZfPfKByjheaAohji2LfaS,https://api.spotify.com/v1/audio-analysis/6ZfPfKByjheaAohji2LfaS,3.4962833333333334,4
06mESgotL8dujZGuOxtjFl,Ma Ya,Wassiye,"Habib Koité, Kélétigui Diabaté",False,33,0.73,0.669,2,-7.934,0,0.0565,0.58,0.0036,0.103,0.848,118.209,audio_features,spotify:track:06mESgotL8dujZGuOxtjFl,https://api.spotify.com/v1/tracks/06mESgotL8dujZGuOxtjFl,https://api.spotify.com/v1/audio-analysis/06mESgotL8dujZGuOxtjFl,4.778883333333333,4
1Ptl8RBClJP2cj4QLfv09J,Cold Mine,Cold Mine,FIL BO RIVA,False,50,0.454,0.691,9,-6.173,0,0.0344,0.193,1.33e-06,0.105,0.405,78.539,audio_features,spotify:track:1Ptl8RBClJP2cj4QLfv09J,https://api.spotify.com/v1/tracks/1Ptl8RBClJP2cj4QLfv09J,https://api.spotify.com/v1/audio-analysis/1Ptl8RBClJP2cj4QLfv09J,3.16025,4
4bWM3dt5UIBNeFj71zYF8O,Alles leuchtet ein,Alles leuchtet ein,Betterov,False,26,0.362,0.872,7,-2.769,1,0.0502,0.0588,8.64e-06,0.123,0.617,164.865,audio_features,spotify:track:4bWM3dt5UIBNeFj71zYF8O,https://api.spotify.com/v1/tracks/4bWM3dt5UIBNeFj71zYF8O,https://api.spotify.com/v1/audio-analysis/4bWM3dt5UIBNeFj71zYF8O,3.61215,4
03pd9j9czxa7ydTLcnteP7,Summer Breeze,Sleep by the Waves,Leavv,False,45,0.631,0.0341,9,-11.791,1,0.0514,0.93,0.926,0.101,0.291,78.997,audio_features,spotify:track:03pd9j9czxa7ydTLcnteP7,https://api.spotify.com/v1/tracks/03pd9j9czxa7ydTLcnteP7,https://api.spotify.com/v1/audio-analysis/03pd9j9czxa7ydTLcnteP7,2.142516666666667,3
72nqbbrKjhXmDdRXQGq115,Fabulous Fifties Nostalgia Vol 5,All I Have to Do Is Dream,The Everly Brothers,False,0,0.542,0.347,4,-14.011,1,0.0268,0.783,0.0,0.144,0.596,103.709,audio_features,spotify:track:72nqbbrKjhXmDdRXQGq115,https://api.spotify.com/v1/tracks/72nqbbrKjhXmDdRXQGq115,https://api.spotify.com/v1/audio-analysis/72nqbbrKjhXmDdRXQGq115,2.354,4
2I4AhSWdVku2SQsJXiIci6,Origami,Hanoï café,Bleu Toucan,False,59,0.565,0.755,2,-7.402,0,0.0406,0.258,0.00976,0.219,0.499,172.01,audio_features,spotify:track:2I4AhSWdVku2SQsJXiIci6,https://api.spotify.com/v1/tracks/2I4AhSWdVku2SQsJXiIci6,https://api.spotify.com/v1/audio-analysis/2I4AhSWdVku2SQsJXiIci6,3.2347166666666665,4
1YLUxdSfbsXYktpkp1aUvd,Pelicans We,The Fly,Cosmo Sheldrake,False,0,0.865,0.694,10,-6.358,0,0.0431,0.252,0.000842,0.11,0.661,103.988,audio_features,spotify:track:1YLUxdSfbsXYktpkp1aUvd,https://api.spotify.com/v1/tracks/1YLUxdSfbsXYktpkp1aUvd,https://api.spotify.com/v1/audio-analysis/1YLUxdSfbsXYktpkp1aUvd,3.5656333333333334,4
57HwKH3pHLeelTkckr94qf,Beware of the Maniacs,Horny Hippies,The Dodos,False,47,0.449,0.541,11,-10.299,0,0.0417,0.0873,0.0,0.17,0.276,125.156,audio_features,spotify:track:57HwKH3pHLeelTkckr94qf,https://api.spotify.com/v1/tracks/57HwKH3pHLeelTkckr94qf,https://api.spotify.com/v1/audio-analysis/57HwKH3pHLeelTkckr94qf,2.984933333333333,4
4Dy9SM605DwtyqEHGUj1ZD,Husbands,"You, Me, Cellphones",Husbands,False,0,0.512,0.55,0,-8.264,1,0.0272,0.00688,0.000839,0.106,0.48,99.905,audio_features,spotify:track:4Dy9SM605DwtyqEHGUj1ZD,https://api.spotify.com/v1/tracks/4Dy9SM605DwtyqEHGUj1ZD,https://api.spotify.com/v1/audio-analysis/4Dy9SM605DwtyqEHGUj1ZD,3.6432166666666665,4
290xSzR8Ee9fm82poMg4od,Quiet Ferocity,Used to Be in Love,The Jungle Giants,False,62,0.83,0.631,11,-5.238,0,0.0313,0.0022,0.0359,0.0539,0.877,128.013,audio_features,spotify:track:290xSzR8Ee9fm82poMg4od,https://api.spotify.com/v1/tracks/290xSzR8Ee9fm82poMg4od,https://api.spotify.com/v1/audio-analysis/290xSzR8Ee9fm82poMg4od,3.7131166666666666,4
5ySZ6gVWw9XQf1Dxg4gj2M,Time Capsules II,Heart,Oberhofer,False,22,0.403,0.732,9,-7.386,0,0.0452,0.748,0.379,0.114,0.195,162.576,audio_features,spotify:track:5ySZ6gVWw9XQf1Dxg4gj2M,https://api.spotify.com/v1/tracks/5ySZ6gVWw9XQf1Dxg4gj2M,https://api.spotify.com/v1/audio-analysis/5ySZ6gVWw9XQf1Dxg4gj2M,4.186216666666667,4
5x2iDSe6UhPogU7tdOsI9L,The Hustle Unlimited,The Hustle Unlimited,Lambchop,False,39,0.601,0.478,6,-14.561,1,0.0295,0.372,0.867,0.326,0.486,111.028,audio_features,spotify:track:5x2iDSe6UhPogU7tdOsI9L,https://api.spotify.com/v1/tracks/5x2iDSe6UhPogU7tdOsI9L,https://api.spotify.com/v1/audio-analysis/5x2iDSe6UhPogU7tdOsI9L,5.479716666666667,4
7bzfyzaZjqai1wTEJsxTOF,Sinatra And Swingin' Brass,I Get A Kick Out Of You,Frank Sinatra,False,0,0.393,0.385,5,-10.985,0,0.0396,0.547,0.0,0.545,0.777,177.956,audio_features,spotify:track:7bzfyzaZjqai1wTEJsxTOF,https://api.spotify.com/v1/tracks/7bzfyzaZjqai1wTEJsxTOF,https://api.spotify.com/v1/audio-analysis/7bzfyzaZjqai1wTEJsxTOF,3.2348833333333333,4
6UaocmOO1bO7YwfHv9Kqcy,The Way We Were: The Best Of Gladys Knight & The Pips,Midnight Train to Georgia,Gladys Knight & The Pips,False,60,0.579,0.477,10,-8.539,0,0.0367,0.127,0.0,0.0974,0.537,89.724,audio_features,spotify:track:6UaocmOO1bO7YwfHv9Kqcy,https://api.spotify.com/v1/tracks/6UaocmOO1bO7YwfHv9Kqcy,https://api.spotify.com/v1/audio-analysis/6UaocmOO1bO7YwfHv9Kqcy,4.668216666666667,4
6rJGYKNLvDeXl021XUT8SK,About Face,Camberwell,#1 Dads,False,0,0.809,0.434,5,-10.688,1,0.0363,0.579,0.47,0.0827,0.788,120.034,audio_features,spotify:track:6rJGYKNLvDeXl021XUT8SK,https://api.spotify.com/v1/tracks/6rJGYKNLvDeXl021XUT8SK,https://api.spotify.com/v1/audio-analysis/6rJGYKNLvDeXl021XUT8SK,3.832666666666667,4
6w6bztcdjdwRtHkrVBexGE,The Pleasant Trees (Volume 3),Miffed,Tom Rosenthal,False,42,0.783,0.579,5,-11.799,0,0.281,0.944,0.147,0.12,0.37,155.79,audio_features,spotify:track:6w6bztcdjdwRtHkrVBexGE,https://api.spotify.com/v1/tracks/6w6bztcdjdwRtHkrVBexGE,https://api.spotify.com/v1/audio-analysis/6w6bztcdjdwRtHkrVBexGE,3.2123166666666667,3
67dDXJ2BkhEdCaM4cvTOw6,Hide & Seek,Common World,Yes I'm Very Tired Now,False,27,0.756,0.672,0,-6.847,0,0.0454,0.198,0.387,0.0859,0.642,97.987,audio_features,spotify:track:67dDXJ2BkhEdCaM4cvTOw6,https://api.spotify.com/v1/tracks/67dDXJ2BkhEdCaM4cvTOw6,https://api.spotify.com/v1/audio-analysis/67dDXJ2BkhEdCaM4cvTOw6,3.6456166666666667,4
42IE9djoOoTpW5BGxKlPA1,Hearts,Hearts,CHILDREN,False,4,0.715,0.464,2,-7.807,0,0.0416,0.0757,0.000588,0.221,0.411,108.995,audio_features,spotify:track:42IE9djoOoTpW5BGxKlPA1,https://api.spotify.com/v1/tracks/42IE9djoOoTpW5BGxKlPA1,https://api.spotify.com/v1/audio-analysis/42IE9djoOoTpW5BGxKlPA1,3.1633833333333334,4
4S61nFbE4MU8I0SeiI2Ebw,Beat Tape,Disco,Benny Sings,False,0,0.823,0.551,6,-11.649,1,0.0372,0.112,0.412,0.092,0.962,100.987,audio_features,spotify:track:4S61nFbE4MU8I0SeiI2Ebw,https://api.spotify.com/v1/tracks/4S61nFbE4MU8I0SeiI2Ebw,https://api.spotify.com/v1/audio-analysis/4S61nFbE4MU8I0SeiI2Ebw,3.06345,4
4nZNT7iFMpKBz90niaVh6O,Cupa Cupa (Little People Remix),Cupa Cupa - Little People Remix,"Parra for Cuva, Little People",False,0,0.694,0.648,10,-7.954,1,0.0377,0.139,0.85,0.0628,0.0913,115.005,audio_features,spotify:track:4nZNT7iFMpKBz90niaVh6O,https://api.spotify.com/v1/tracks/4nZNT7iFMpKBz90niaVh6O,https://api.spotify.com/v1/audio-analysis/4nZNT7iFMpKBz90niaVh6O,4.43055,4
6SeMUbVazXNQ1ofAaZIMOj,DJ-Kicks (DJ Koze) [DJ Mix],Surrender (Kosi Edit) - mixed,"Portable, L_cio",False,0,0.714,0.759,7,-12.869,1,0.0389,0.0116,0.248,0.0998,0.849,119.994,audio_features,spotify:track:6SeMUbVazXNQ1ofAaZIMOj,https://api.spotify.com/v1/tracks/6SeMUbVazXNQ1ofAaZIMOj,https://api.spotify.com/v1/audio-analysis/6SeMUbVazXNQ1ofAaZIMOj,6.922883333333333,4
3TxH9hjKCNlHTUQsPiUaLK,Bloodflow,Bloodflow - Edit,Grandbrothers,False,48,0.488,0.663,3,-12.098,0,0.0325,0.591,0.908,0.118,0.246,97.021,audio_features,spotify:track:3TxH9hjKCNlHTUQsPiUaLK,https://api.spotify.com/v1/tracks/3TxH9hjKCNlHTUQsPiUaLK,https://api.spotify.com/v1/audio-analysis/3TxH9hjKCNlHTUQsPiUaLK,3.6679,4
73rarLN1ixtnfgjtAZpOIN,Plump (Chapters 1 & 2),Every Soul,Twiddle,False,37,0.563,0.872,11,-6.548,0,0.053,0.117,0.00108,0.103,0.886,124.2,audio_features,spotify:track:73rarLN1ixtnfgjtAZpOIN,https://api.spotify.com/v1/tracks/73rarLN1ixtnfgjtAZpOIN,https://api.spotify.com/v1/audio-analysis/73rarLN1ixtnfgjtAZpOIN,5.883933333333333,4
1eamsmwcYYhJwTgMFdQ6YN,Rip It Up,Rip It Up,Orange Juice,False,55,0.881,0.546,7,-9.357,1,0.0407,0.0532,0.000149,0.0497,0.852,102.814,audio_features,spotify:track:1eamsmwcYYhJwTgMFdQ6YN,https://api.spotify.com/v1/tracks/1eamsmwcYYhJwTgMFdQ6YN,https://api.spotify.com/v1/audio-analysis/1eamsmwcYYhJwTgMFdQ6YN,5.340216666666667,4
281ioxkZbJ3p9hCvjD2bon,Darling Arithmetic,Everything I Am Is Yours,Villagers,False,63,0.873,0.505,4,-11.147,0,0.0308,0.67,0.269,0.136,0.69,110.007,audio_features,spotify:track:281ioxkZbJ3p9hCvjD2bon,https://api.spotify.com/v1/tracks/281ioxkZbJ3p9hCvjD2bon,https://api.spotify.com/v1/audio-analysis/281ioxkZbJ3p9hCvjD2bon,3.5002166666666668,4
76wTnZ82Skxxxi3uj6sFVs,Angus & Julia Stone,Grizzly Bear,Angus & Julia Stone,False,45,0.902,0.438,9,-8.63,0,0.0493,0.503,0.135,0.101,0.943,118.048,audio_features,spotify:track:76wTnZ82Skxxxi3uj6sFVs,https://api.spotify.com/v1/tracks/76wTnZ82Skxxxi3uj6sFVs,https://api.spotify.com/v1/audio-analysis/76wTnZ82Skxxxi3uj6sFVs,4.142,4
7eyMjcZ5QSJy9cja3ol0Ll,Body Gold,Body Gold,Oh Wonder,False,0,0.711,0.451,11,-9.588,0,0.119,0.569,8.33e-06,0.307,0.17,135.003,audio_features,spotify:track:7eyMjcZ5QSJy9cja3ol0Ll,https://api.spotify.com/v1/tracks/7eyMjcZ5QSJy9cja3ol0Ll,https://api.spotify.com/v1/audio-analysis/7eyMjcZ5QSJy9cja3ol0Ll,3.075283333333333,4
0ofHAoxe9vBkTCp2UQIavz,Rumours (Super Deluxe),Dreams - 2004 Remaster,Fleetwood Mac,False,84,0.828,0.492,0,-9.744,1,0.0276,0.0644,0.00428,0.128,0.789,120.151,audio_features,spotify:track:0ofHAoxe9vBkTCp2UQIavz,https://api.spotify.com/v1/tracks/0ofHAoxe9vBkTCp2UQIavz,https://api.spotify.com/v1/audio-analysis/0ofHAoxe9vBkTCp2UQIavz,4.296666666666667,4
35yZkNFNVosiHE6Uj0COVM,Woman,The Fall,Rhye,False,61,0.656,0.621,5,-12.766,1,0.0387,0.384,0.695,0.177,0.776,105.012,audio_features,spotify:track:35yZkNFNVosiHE6Uj0COVM,https://api.spotify.com/v1/tracks/35yZkNFNVosiHE6Uj0COVM,https://api.spotify.com/v1/audio-analysis/35yZkNFNVosiHE6Uj0COVM,3.744666666666667,4
1JXRCUZPk98Jh1WnZRK0w9,Let's Make Love,Karaköy,Brazilian Girls,False,45,0.784,0.424,6,-8.137,0,0.0353,0.413,0.000316,0.0909,0.451,100.038,audio_features,spotify:track:1JXRCUZPk98Jh1WnZRK0w9,https://api.spotify.com/v1/tracks/1JXRCUZPk98Jh1WnZRK0w9,https://api.spotify.com/v1/audio-analysis/1JXRCUZPk98Jh1WnZRK0w9,3.7406333333333333,3
5NoyV8xQIILm0ilKmEps06,Azora,Azora,Tamu Massif,False,0,0.644,0.299,9,-15.011,0,0.0634,0.699,0.111,0.114,0.207,163.942,audio_features,spotify:track:5NoyV8xQIILm0ilKmEps06,https://api.spotify.com/v1/tracks/5NoyV8xQIILm0ilKmEps06,https://api.spotify.com/v1/audio-analysis/5NoyV8xQIILm0ilKmEps06,2.8583833333333333,4
4BZrcJ6JI13oSNMYYzxgBS,Melt (Acoustic),Melt - Acoustic,JONES,False,0,0.559,0.241,5,-8.97,0,0.0342,0.899,4.3e-06,0.11,0.351,131.481,audio_features,spotify:track:4BZrcJ6JI13oSNMYYzxgBS,https://api.spotify.com/v1/tracks/4BZrcJ6JI13oSNMYYzxgBS,https://api.spotify.com/v1/audio-analysis/4BZrcJ6JI13oSNMYYzxgBS,3.6915333333333336,3
2qEqMx1n0dnCBzWT9l3nGL,Real Love Baby,Real Love Baby,Father John Misty,False,0,0.427,0.684,7,-6.487,1,0.0353,0.0956,0.0196,0.12,0.606,204.429,audio_features,spotify:track:2qEqMx1n0dnCBzWT9l3nGL,https://api.spotify.com/v1/tracks/2qEqMx1n0dnCBzWT9l3nGL,https://api.spotify.com/v1/audio-analysis/2qEqMx1n0dnCBzWT9l3nGL,3.1548833333333333,4
4905P0tRcD8TkzrP8NZEzj,Grey Skies,Grey Skies,Kate Bollinger,False,22,0.748,0.299,0,-9.114,1,0.0774,0.945,0.288,0.111,0.344,73.017,audio_features,spotify:track:4905P0tRcD8TkzrP8NZEzj,https://api.spotify.com/v1/tracks/4905P0tRcD8TkzrP8NZEzj,https://api.spotify.com/v1/audio-analysis/4905P0tRcD8TkzrP8NZEzj,2.7413333333333334,4
4dyx5SzxPPaD8xQIid5Wjj,Writer's Block,Young Folks,Peter Bjorn and John,False,74,0.699,0.812,0,-6.005,1,0.0377,0.0164,0.000763,0.105,0.662,138.185,audio_features,spotify:track:4dyx5SzxPPaD8xQIid5Wjj,https://api.spotify.com/v1/tracks/4dyx5SzxPPaD8xQIid5Wjj,https://api.spotify.com/v1/audio-analysis/4dyx5SzxPPaD8xQIid5Wjj,4.61155,4
3xBGFVU2b2PV556Q3ebsQH,Let My People Go,Didn't I,Darondo,False,0,0.377,0.387,5,-11.688,1,0.029,0.89,0.427,0.108,0.644,149.126,audio_features,spotify:track:3xBGFVU2b2PV556Q3ebsQH,https://api.spotify.com/v1/tracks/3xBGFVU2b2PV556Q3ebsQH,https://api.spotify.com/v1/audio-analysis/3xBGFVU2b2PV556Q3ebsQH,3.48645,4
3HdcqQpq7zb5GbEKBDY34p,Absolute Loser,Humbug Mountain Song,Fruit Bats,False,62,0.593,0.926,6,-5.361,0,0.0319,0.0355,0.0582,0.311,0.945,100.011,audio_features,spotify:track:3HdcqQpq7zb5GbEKBDY34p,https://api.spotify.com/v1/tracks/3HdcqQpq7zb5GbEKBDY34p,https://api.spotify.com/v1/audio-analysis/3HdcqQpq7zb5GbEKBDY34p,3.07245,4
5S0PHI6KZUVP8Rk6MXuRTy,Dreaming of Better Days,Losing You,Gizmo Varillas,False,17,0.68,0.863,2,-7.052,1,0.05,0.776,0.489,0.143,0.866,112.055,audio_features,spotify:track:5S0PHI6KZUVP8Rk6MXuRTy,https://api.spotify.com/v1/tracks/5S0PHI6KZUVP8Rk6MXuRTy,https://api.spotify.com/v1/audio-analysis/5S0PHI6KZUVP8Rk6MXuRTy,2.15685,4
32bzffb2ZCi52oaLiqfxlG,Mojo,Mojo,Claire Laffut,False,46,0.62,0.669,7,-7.339,1,0.103,0.359,0.128,0.166,0.527,110.772,audio_features,spotify:track:32bzffb2ZCi52oaLiqfxlG,https://api.spotify.com/v1/tracks/32bzffb2ZCi52oaLiqfxlG,https://api.spotify.com/v1/audio-analysis/32bzffb2ZCi52oaLiqfxlG,3.4638,4
7ibcRUZG4X2fSt0bM3bHWh,Aphrodite,Aphrodite,"TRESOR, Beatenberg",False,21,0.646,0.615,9,-12.868,1,0.0913,0.785,0.00234,0.269,0.664,95.988,audio_features,spotify:track:7ibcRUZG4X2fSt0bM3bHWh,https://api.spotify.com/v1/tracks/7ibcRUZG4X2fSt0bM3bHWh,https://api.spotify.com/v1/audio-analysis/7ibcRUZG4X2fSt0bM3bHWh,3.91245,4
7tbpHQMGcySPP07HlhWcBQ,Small Town Girl,Small Town Girl,Bakar,False,53,0.814,0.52,5,-5.651,1,0.0418,0.832,0.0,0.273,0.734,129.949,audio_features,spotify:track:7tbpHQMGcySPP07HlhWcBQ,https://api.spotify.com/v1/tracks/7tbpHQMGcySPP07HlhWcBQ,https://api.spotify.com/v1/audio-analysis/7tbpHQMGcySPP07HlhWcBQ,3.084616666666667,4
1eRqy8jW4ZLMJR6dl3xsgI,First Band On The Moon,Lovefool - Radio Edit,The Cardigans,False,0,0.644,0.599,9,-7.941,1,0.0291,0.0445,0.0,0.286,0.948,111.829,audio_features,spotify:track:1eRqy8jW4ZLMJR6dl3xsgI,https://api.spotify.com/v1/tracks/1eRqy8jW4ZLMJR6dl3xsgI,https://api.spotify.com/v1/audio-analysis/1eRqy8jW4ZLMJR6dl3xsgI,3.23155,4
75apix2UAgpUaEGlUzHDCh,Declaration Of Dependence,24-25,Kings of Convenience,False,48,0.597,0.175,4,-17.509,1,0.0397,0.952,0.0948,0.114,0.215,122.929,audio_features,spotify:track:75apix2UAgpUaEGlUzHDCh,https://api.spotify.com/v1/tracks/75apix2UAgpUaEGlUzHDCh,https://api.spotify.com/v1/audio-analysis/75apix2UAgpUaEGlUzHDCh,3.637783333333333,4
0qG1teoBvooRo7Z5Z8edCk,Politics,La ritournelle,Sébastien Tellier,False,59,0.558,0.723,0,-11.214,0,0.0312,0.00405,0.501,0.0863,0.526,102.833,audio_features,spotify:track:0qG1teoBvooRo7Z5Z8edCk,https://api.spotify.com/v1/tracks/0qG1teoBvooRo7Z5Z8edCk,https://api.spotify.com/v1/audio-analysis/0qG1teoBvooRo7Z5Z8edCk,7.574666666666666,4
3N6VcjCemGiNVTja2jO18j,The Horizon Just Laughed,Percy Faith,Damien Jurado,False,18,0.515,0.565,11,-7.446,1,0.0376,0.675,0.000702,0.107,0.622,160.046,audio_features,spotify:track:3N6VcjCemGiNVTja2jO18j,https://api.spotify.com/v1/tracks/3N6VcjCemGiNVTja2jO18j,https://api.spotify.com/v1/audio-analysis/3N6VcjCemGiNVTja2jO18j,2.956,4
6J3HNhDBIwEX11bX8hzx5u,Black Pumas,Colors,Black Pumas,False,65,0.546,0.696,4,-6.537,1,0.0335,0.0887,1.84e-05,0.195,0.596,89.882,audio_features,spotify:track:6J3HNhDBIwEX11bX8hzx5u,https://api.spotify.com/v1/tracks/6J3HNhDBIwEX11bX8hzx5u,https://api.spotify.com/v1/audio-analysis/6J3HNhDBIwEX11bX8hzx5u,4.109783333333334,4
6zfczP87XO2SxWlQtnjFNa,The English Riviera,The Look,Metronomy,False,70,0.638,0.535,9,-7.792,0,0.0415,0.623,0.0391,0.0837,0.504,84.947,audio_features,spotify:track:6zfczP87XO2SxWlQtnjFNa,https://api.spotify.com/v1/tracks/6zfczP87XO2SxWlQtnjFNa,https://api.spotify.com/v1/audio-analysis/6zfczP87XO2SxWlQtnjFNa,4.62755,4
279LczresTWVkCsdLwgJSZ,Warhaus,Love's a Stranger,Warhaus,False,55,0.564,0.585,9,-8.823,0,0.0379,0.202,0.00206,0.118,0.624,161.667,audio_features,spotify:track:279LczresTWVkCsdLwgJSZ,https://api.spotify.com/v1/tracks/279LczresTWVkCsdLwgJSZ,https://api.spotify.com/v1/audio-analysis/279LczresTWVkCsdLwgJSZ,3.44475,4
3HedB2EwVAj5MAx8xFE1ea,Down the Way,Big Jet Plane,Angus & Julia Stone,False,60,0.763,0.382,10,-8.633,0,0.0276,0.235,0.00663,0.108,0.264,109.944,audio_features,spotify:track:3HedB2EwVAj5MAx8xFE1ea,https://api.spotify.com/v1/tracks/3HedB2EwVAj5MAx8xFE1ea,https://api.spotify.com/v1/audio-analysis/3HedB2EwVAj5MAx8xFE1ea,3.985333333333333,4
5XNpdKmlLJPUbwKQceX2tW,Couldn't Stand The Weather (Legacy Edition),Little Wing,Stevie Ray Vaughan,False,60,0.475,0.383,1,-14.202,1,0.0375,0.362,0.749,0.0728,0.524,114.709,audio_features,spotify:track:5XNpdKmlLJPUbwKQceX2tW,https://api.spotify.com/v1/tracks/5XNpdKmlLJPUbwKQceX2tW,https://api.spotify.com/v1/audio-analysis/5XNpdKmlLJPUbwKQceX2tW,6.808,4
407ltk0BtcZI8kgu0HH4Yj,The Boatman's Call (2011 Remastered Version),Into My Arms - 2011 Remastered Version,Nick Cave & The Bad Seeds,False,64,0.484,0.0874,0,-17.796,1,0.0394,0.894,0.154,0.11,0.219,94.163,audio_features,spotify:track:407ltk0BtcZI8kgu0HH4Yj,https://api.spotify.com/v1/tracks/407ltk0BtcZI8kgu0HH4Yj,https://api.spotify.com/v1/audio-analysis/407ltk0BtcZI8kgu0HH4Yj,4.268666666666666,4
3hxoYmSHzIBwSS2bPTOfbg,Riot On An Empty Street,Misread,Kings of Convenience,False,61,0.637,0.625,6,-9.783,1,0.0382,0.734,0.514,0.128,0.896,160.748,audio_features,spotify:track:3hxoYmSHzIBwSS2bPTOfbg,https://api.spotify.com/v1/tracks/3hxoYmSHzIBwSS2bPTOfbg,https://api.spotify.com/v1/audio-analysis/3hxoYmSHzIBwSS2bPTOfbg,3.14,4
3rO0q1aaGUO6Bnsxp2lpu0,Animal,The Opposite of Us,Big Scary,False,0,0.747,0.802,7,-5.768,1,0.0351,0.284,0.00258,0.102,0.589,117.001,audio_features,spotify:track:3rO0q1aaGUO6Bnsxp2lpu0,https://api.spotify.com/v1/tracks/3rO0q1aaGUO6Bnsxp2lpu0,https://api.spotify.com/v1/audio-analysis/3rO0q1aaGUO6Bnsxp2lpu0,4.375116666666667,4
5GAB1X0AJq2EZjxXP9zMFt,Alvvays,"Archie, Marry Me",Alvvays,False,54,0.267,0.828,7,-4.592,1,0.0746,0.00956,0.409,0.143,0.203,117.886,audio_features,spotify:track:5GAB1X0AJq2EZjxXP9zMFt,https://api.spotify.com/v1/tracks/5GAB1X0AJq2EZjxXP9zMFt,https://api.spotify.com/v1/audio-analysis/5GAB1X0AJq2EZjxXP9zMFt,3.276,4
2AvMA7gOOhQpDDUjBs89ap,Playlist: The Best Of Peter Sarstedt,Where Do You Go To (My Lovely),Peter Sarstedt,False,53,0.408,0.436,0,-7.712,1,0.0345,0.805,1.72e-06,0.305,0.474,175.024,audio_features,spotify:track:2AvMA7gOOhQpDDUjBs89ap,https://api.spotify.com/v1/tracks/2AvMA7gOOhQpDDUjBs89ap,https://api.spotify.com/v1/audio-analysis/2AvMA7gOOhQpDDUjBs89ap,4.745116666666667,3
0GuzcbQf1afarMKrk2uixV,Here Comes Everybody + Singles,Pale Spectre,The Wake,False,35,0.307,0.805,9,-10.121,0,0.0381,0.0014,0.344,0.139,0.712,164.91,audio_features,spotify:track:0GuzcbQf1afarMKrk2uixV,https://api.spotify.com/v1/tracks/0GuzcbQf1afarMKrk2uixV,https://api.spotify.com/v1/audio-analysis/0GuzcbQf1afarMKrk2uixV,3.9942166666666665,4
01WwhuljAkggqPwdqyTZqD,Sons Of Noel And Adrian,The Wreck Is Not A Boat,Sons of Noel and Adrian,False,0,0.567,0.424,4,-9.663,0,0.0274,0.84,0.00322,0.134,0.445,94.443,audio_features,spotify:track:01WwhuljAkggqPwdqyTZqD,https://api.spotify.com/v1/tracks/01WwhuljAkggqPwdqyTZqD,https://api.spotify.com/v1/audio-analysis/01WwhuljAkggqPwdqyTZqD,4.94555,4
2M9ro2krNb7nr7HSprkEgo,Tracy Chapman,Fast Car,Tracy Chapman,False,78,0.711,0.292,4,-15.523,0,0.037,0.313,0.0,0.131,0.194,103.951,audio_features,spotify:track:2M9ro2krNb7nr7HSprkEgo,https://api.spotify.com/v1/tracks/2M9ro2krNb7nr7HSprkEgo,https://api.spotify.com/v1/audio-analysis/2M9ro2krNb7nr7HSprkEgo,4.946666666666666,4
3OyOwLshqBHiEOAMBCYQgI,Didn't I,Didn't I - Florent F Rework,"Darondo, Florent F",False,47,0.627,0.497,5,-7.371,1,0.0465,0.348,0.243,0.0926,0.929,80.666,audio_features,spotify:track:3OyOwLshqBHiEOAMBCYQgI,https://api.spotify.com/v1/tracks/3OyOwLshqBHiEOAMBCYQgI,https://api.spotify.com/v1/audio-analysis/3OyOwLshqBHiEOAMBCYQgI,3.760666666666667,4
0WPOxxoEVoglAvhqroDpQA,"New Me, Same Us",Where You Belong,Little Dragon,False,58,0.737,0.436,7,-9.146,1,0.0555,0.161,0.106,0.16,0.36,83.022,audio_features,spotify:track:0WPOxxoEVoglAvhqroDpQA,https://api.spotify.com/v1/tracks/0WPOxxoEVoglAvhqroDpQA,https://api.spotify.com/v1/audio-analysis/0WPOxxoEVoglAvhqroDpQA,3.450633333333333,4
6FZj7qTtGop2aHRZLFKKvN,Murphy's Law,Murphy's Law - Extended Mix,Róisín Murphy,False,34,0.825,0.519,6,-7.397,0,0.0497,0.0135,0.124,0.0782,0.764,113.01,audio_features,spotify:track:6FZj7qTtGop2aHRZLFKKvN,https://api.spotify.com/v1/tracks/6FZj7qTtGop2aHRZLFKKvN,https://api.spotify.com/v1/audio-analysis/6FZj7qTtGop2aHRZLFKKvN,8.001816666666667,4
4xh7W7tlNMIczFhupCPniY,Rumours (Super Deluxe),Go Your Own Way - 2004 Remaster,Fleetwood Mac,False,73,0.586,0.941,5,-5.139,1,0.0375,0.0167,0.000776,0.068,0.831,135.448,audio_features,spotify:track:4xh7W7tlNMIczFhupCPniY,https://api.spotify.com/v1/tracks/4xh7W7tlNMIczFhupCPniY,https://api.spotify.com/v1/audio-analysis/4xh7W7tlNMIczFhupCPniY,3.7268833333333333,4
4FUrVPC15KK8OcABXprp3Z,Small Crimes / Keep on Calling,Keep on Calling,Nilüfer Yanya,False,0,0.764,0.442,6,-10.548,0,0.0355,0.725,0.00066,0.0807,0.106,123.069,audio_features,spotify:track:4FUrVPC15KK8OcABXprp3Z,https://api.spotify.com/v1/tracks/4FUrVPC15KK8OcABXprp3Z,https://api.spotify.com/v1/audio-analysis/4FUrVPC15KK8OcABXprp3Z,3.8385,4
1xkOg49ZxldiM1ioIudwUS,Turn This Mutha Out,Could Heaven Ever Be Like This,Idris Muhammad,False,57,0.755,0.842,2,-7.293,0,0.129,0.388,0.541,0.105,0.798,123.203,audio_features,spotify:track:1xkOg49ZxldiM1ioIudwUS,https://api.spotify.com/v1/tracks/1xkOg49ZxldiM1ioIudwUS,https://api.spotify.com/v1/audio-analysis/1xkOg49ZxldiM1ioIudwUS,8.609783333333333,4
5le4sn0iMcnKU56bdmNzso,Everybody Loves The Sunshine (Reissue),Everybody Loves The Sunshine,Roy Ayers Ubiquity,False,66,0.52,0.571,11,-10.326,0,0.036,0.168,5.14e-06,0.17,0.701,161.051,audio_features,spotify:track:5le4sn0iMcnKU56bdmNzso,https://api.spotify.com/v1/tracks/5le4sn0iMcnKU56bdmNzso,https://api.spotify.com/v1/audio-analysis/5le4sn0iMcnKU56bdmNzso,3.99445,3
7yzM0pEseQUpb6BMViOPEA,Eastern Sounds,Love Theme From Spartacus - Remastered,Yusef Lateef,False,55,0.522,0.379,4,-14.096,0,0.0286,0.635,0.925,0.114,0.454,133.698,audio_features,spotify:track:7yzM0pEseQUpb6BMViOPEA,https://api.spotify.com/v1/tracks/7yzM0pEseQUpb6BMViOPEA,https://api.spotify.com/v1/audio-analysis/7yzM0pEseQUpb6BMViOPEA,4.193333333333333,3
6CAYXIhkBARYmy7kVNDIOi,Hard Groove,I'll Stay,"The RH Factor, D'Angelo",False,50,0.632,0.276,4,-13.697,0,0.0594,0.632,0.293,0.157,0.237,129.693,audio_features,spotify:track:6CAYXIhkBARYmy7kVNDIOi,https://api.spotify.com/v1/tracks/6CAYXIhkBARYmy7kVNDIOi,https://api.spotify.com/v1/audio-analysis/6CAYXIhkBARYmy7kVNDIOi,7.84245,4
4DtKuPPoHYH5fKsAXBa8Zm,It'll All Be Over,It'll All Be Over,Supreme Jubilees,False,33,0.684,0.209,4,-15.314,0,0.0326,0.896,0.0145,0.114,0.413,82.274,audio_features,spotify:track:4DtKuPPoHYH5fKsAXBa8Zm,https://api.spotify.com/v1/tracks/4DtKuPPoHYH5fKsAXBa8Zm,https://api.spotify.com/v1/audio-analysis/4DtKuPPoHYH5fKsAXBa8Zm,3.0913333333333335,4
0Dv2dILPDIqPjCqGbW9WTN,New York - Addis - London: The Story of Ethio Jazz 1965-1975,Tezeta,Mulatu Astatke,False,6,0.551,0.254,10,-14.48,1,0.0415,0.962,0.933,0.0994,0.54,81.053,audio_features,spotify:track:0Dv2dILPDIqPjCqGbW9WTN,https://api.spotify.com/v1/tracks/0Dv2dILPDIqPjCqGbW9WTN,https://api.spotify.com/v1/audio-analysis/0Dv2dILPDIqPjCqGbW9WTN,6.142316666666667,3
0xQlC8tI2hBeOs2TKOkM1G,Legenden des Soul - Isaac Hayes,Hung Up On My Baby,Isaac Hayes,False,36,0.649,0.753,11,-7.539,0,0.0306,0.139,0.858,0.0512,0.84,102.147,audio_features,spotify:track:0xQlC8tI2hBeOs2TKOkM1G,https://api.spotify.com/v1/tracks/0xQlC8tI2hBeOs2TKOkM1G,https://api.spotify.com/v1/audio-analysis/0xQlC8tI2hBeOs2TKOkM1G,6.2911166666666665,4
0QpuGyBmHtTr5W1TZiKlvt,The Singles,She Brings the Rain,CAN,False,30,0.501,0.156,5,-12.603,1,0.0366,0.802,0.00266,0.0972,0.0671,104.562,audio_features,spotify:track:0QpuGyBmHtTr5W1TZiKlvt,https://api.spotify.com/v1/tracks/0QpuGyBmHtTr5W1TZiKlvt,https://api.spotify.com/v1/audio-analysis/0QpuGyBmHtTr5W1TZiKlvt,4.12735,4
4EFKlh6CyG0ZZza2QgriUM,Lucid,Good Thing,Aṣa,False,33,0.652,0.685,9,-7.804,0,0.0281,0.194,0.00234,0.116,0.451,93.984,audio_features,spotify:track:4EFKlh6CyG0ZZza2QgriUM,https://api.spotify.com/v1/tracks/4EFKlh6CyG0ZZza2QgriUM,https://api.spotify.com/v1/audio-analysis/4EFKlh6CyG0ZZza2QgriUM,2.8322166666666666,4
25SJaCCPiosugnlY53VhRG,2,Freaking Out the Neighborhood,Mac DeMarco,False,57,0.565,0.832,8,-5.751,0,0.108,0.0639,0.0291,0.386,0.847,143.302,audio_features,spotify:track:25SJaCCPiosugnlY53VhRG,https://api.spotify.com/v1/tracks/25SJaCCPiosugnlY53VhRG,https://api.spotify.com/v1/audio-analysis/25SJaCCPiosugnlY53VhRG,2.89815,4
6g5qyQrAcoBX4X7XjxBoTO,Comment te dire adieu (Remasterisé en 2016),Comment te dire adieu - Remasterisé en 2016,Françoise Hardy,False,60,0.711,0.586,10,-9.78,0,0.0514,0.435,6.48e-06,0.15,0.931,124.058,audio_features,spotify:track:6g5qyQrAcoBX4X7XjxBoTO,https://api.spotify.com/v1/tracks/6g5qyQrAcoBX4X7XjxBoTO,https://api.spotify.com/v1/audio-analysis/6g5qyQrAcoBX4X7XjxBoTO,2.4751166666666666,4
6Baw9w5T0i6hvZBagZxvhK,Small Crimes EP,Keep On Calling,Nilüfer Yanya,False,48,0.762,0.552,6,-7.211,0,0.0331,0.728,0.000618,0.0844,0.1,123.077,audio_features,spotify:track:6Baw9w5T0i6hvZBagZxvhK,https://api.spotify.com/v1/tracks/6Baw9w5T0i6hvZBagZxvhK,https://api.spotify.com/v1/audio-analysis/6Baw9w5T0i6hvZBagZxvhK,3.8385,4
2vLaES21zwbX1Rnmj56Bbb,Spinners,I'll Be Around,The Spinners,False,63,0.593,0.791,8,-8.698,0,0.068,0.175,0.0,0.0976,0.63,112.295,audio_features,spotify:track:2vLaES21zwbX1Rnmj56Bbb,https://api.spotify.com/v1/tracks/2vLaES21zwbX1Rnmj56Bbb,https://api.spotify.com/v1/audio-analysis/2vLaES21zwbX1Rnmj56Bbb,3.1466666666666665,4
6MBS3ARYYlI4FtYjaTinK5,Rhymes & Reasons,Bitter with the Sweet,Carole King,False,54,0.68,0.426,0,-13.683,0,0.0652,0.756,0.000148,0.11,0.661,99.078,audio_features,spotify:track:6MBS3ARYYlI4FtYjaTinK5,https://api.spotify.com/v1/tracks/6MBS3ARYYlI4FtYjaTinK5,https://api.spotify.com/v1/audio-analysis/6MBS3ARYYlI4FtYjaTinK5,2.4577833333333334,4
1m3PvavCMvctVLbh24McmP,Road Runner,How Sweet It Is (To Be Loved By You),Jr. Walker & The All Stars,False,0,0.611,0.645,1,-8.254,1,0.0634,0.724,0.0,0.715,0.748,125.156,audio_features,spotify:track:1m3PvavCMvctVLbh24McmP,https://api.spotify.com/v1/tracks/1m3PvavCMvctVLbh24McmP,https://api.spotify.com/v1/audio-analysis/1m3PvavCMvctVLbh24McmP,3.0406666666666666,4
0PDCewmZCp0P5s00bptcdd,Inseparable,This Will Be (An Everlasting Love),Natalie Cole,False,72,0.685,0.623,8,-11.146,1,0.042,0.228,0.00234,0.0295,0.896,126.739,audio_features,spotify:track:0PDCewmZCp0P5s00bptcdd,https://api.spotify.com/v1/tracks/0PDCewmZCp0P5s00bptcdd,https://api.spotify.com/v1/audio-analysis/0PDCewmZCp0P5s00bptcdd,2.866,4
4j0M3v7GPijfIrzjN8QcuK,The Very Best Of The Staple Singers,I'll Take You There,The Staple Singers,False,0,0.846,0.595,0,-8.372,1,0.0439,0.0904,1.96e-06,0.063,0.78,101.632,audio_features,spotify:track:4j0M3v7GPijfIrzjN8QcuK,https://api.spotify.com/v1/tracks/4j0M3v7GPijfIrzjN8QcuK,https://api.spotify.com/v1/audio-analysis/4j0M3v7GPijfIrzjN8QcuK,3.28045,4
5TAf4lnZCZTLlZHNZMLFLi,On How Life Is,I Try,Macy Gray,False,72,0.593,0.642,2,-7.284,1,0.0299,0.313,0.000582,0.0804,0.736,76.403,audio_features,spotify:track:5TAf4lnZCZTLlZHNZMLFLi,https://api.spotify.com/v1/tracks/5TAf4lnZCZTLlZHNZMLFLi,https://api.spotify.com/v1/audio-analysis/5TAf4lnZCZTLlZHNZMLFLi,3.990666666666667,4
5EwNOL1CWnM74ptsVvW9OV,The Ultimate Collection,Your Love Is King - Remastered,Sade,False,57,0.727,0.493,9,-5.054,1,0.0269,0.476,5.69e-05,0.0354,0.616,134.608,audio_features,spotify:track:5EwNOL1CWnM74ptsVvW9OV,https://api.spotify.com/v1/tracks/5EwNOL1CWnM74ptsVvW9OV,https://api.spotify.com/v1/audio-analysis/5EwNOL1CWnM74ptsVvW9OV,3.6882166666666665,3
4xzhlulgIL4yFEAR9EjHkR,My Love Is Your Love,My Love Is Your Love,Whitney Houston,False,0,0.769,0.47,7,-9.526,1,0.158,0.054,5.14e-06,0.0628,0.465,82.505,audio_features,spotify:track:4xzhlulgIL4yFEAR9EjHkR,https://api.spotify.com/v1/tracks/4xzhlulgIL4yFEAR9EjHkR,https://api.spotify.com/v1/audio-analysis/4xzhlulgIL4yFEAR9EjHkR,4.35955,4
241RmK77gecJ1y7jOoQ5lu,Natalie Cole Anthology,This Will Be (An Everlasting Love) - 2003 Remaster,Natalie Cole,False,62,0.682,0.605,8,-10.771,1,0.0403,0.185,0.00326,0.0469,0.914,125.96,audio_features,spotify:track:241RmK77gecJ1y7jOoQ5lu,https://api.spotify.com/v1/tracks/241RmK77gecJ1y7jOoQ5lu,https://api.spotify.com/v1/audio-analysis/241RmK77gecJ1y7jOoQ5lu,2.856,4
5BCykgPXc7zEBg2oU0klvy,Business As Usual,Who Can It Be Now?,Men At Work,False,52,0.802,0.808,4,-4.064,1,0.0366,0.0468,0.000229,0.0771,0.962,128.51,audio_features,spotify:track:5BCykgPXc7zEBg2oU0klvy,https://api.spotify.com/v1/tracks/5BCykgPXc7zEBg2oU0klvy,https://api.spotify.com/v1/audio-analysis/5BCykgPXc7zEBg2oU0klvy,3.4226666666666667,4
3w6f34fBUXOvuko0Ihq7he,Commander In Chief,Commander In Chief,Demi Lovato,False,51,0.496,0.502,0,-7.696,1,0.052,0.251,0.0,0.0935,0.144,78.042,audio_features,spotify:track:3w6f34fBUXOvuko0Ihq7he,https://api.spotify.com/v1/tracks/3w6f34fBUXOvuko0Ihq7he,https://api.spotify.com/v1/audio-analysis/3w6f34fBUXOvuko0Ihq7he,3.2457666666666665,4
